scale,m,n,unknowns,nodes,ppn,threads,mpi_ranks,total_cores,unknowns_per_core,matrix_type,runtime_seconds,memory_mb,status,source_file
small,1000,1000,1000000,1,1,1,1,1,1e+06,,245.7,,completed,runs/size_grid/size_grid_ex2_arch-omp-opt_job13996330.csv
small,1000,1000,1000000,1,1,1,1,1,1e+06,,248,,completed,runs/size_grid/size_grid_ex2_arch-omp-opt_job13997004.csv
small,1000,1000,1000000,1,2,1,2,2,500000,,83.55,,completed,runs/size_grid/size_grid_ex2_arch-omp-opt_job13996330.csv
small,1000,1000,1000000,1,2,1,2,2,500000,,84.07,,completed,runs/size_grid/size_grid_ex2_arch-omp-opt_job13997004.csv
small,1000,1000,1000000,1,1,2,1,2,500000,,229.6,,completed,runs/size_grid/size_grid_ex2_arch-omp-opt_job13997004.csv
small,1000,1000,1000000,1,1,2,1,2,500000,,231.4,,completed,runs/size_grid/size_grid_ex2_arch-omp-opt_job13996330.csv
small,1000,1000,1000000,1,4,1,4,4,250000,,48.91,,completed,runs/size_grid/size_grid_ex2_arch-omp-opt_job13996330.csv
small,1000,1000,1000000,1,4,1,4,4,250000,,49.61,,completed,runs/size_grid/size_grid_ex2_arch-omp-opt_job13997004.csv
small,1000,1000,1000000,1,2,2,2,4,250000,,75.31,,completed,runs/size_grid/size_grid_ex2_arch-omp-opt_job13996330.csv
small,1000,1000,1000000,1,2,2,2,4,250000,,82.38,,completed,runs/size_grid/size_grid_ex2_arch-omp-opt_job13997004.csv
small,1000,1000,1000000,1,1,4,1,4,250000,,225.7,,completed,runs/size_grid/size_grid_ex2_arch-omp-opt_job13997004.csv
small,1000,1000,1000000,1,1,4,1,4,250000,,230.5,,completed,runs/size_grid/size_grid_ex2_arch-omp-opt_job13996330.csv
small,1000,1000,1000000,1,8,1,8,8,125000,,60.14,,completed,runs/size_grid/size_grid_ex2_arch-omp-opt_job13996330.csv
small,1000,1000,1000000,1,8,1,8,8,125000,,60.21,,completed,runs/size_grid/size_grid_ex2_arch-omp-opt_job13997004.csv
small,1000,1000,1000000,1,4,2,4,8,125000,,43.32,,completed,runs/size_grid/size_grid_ex2_arch-omp-opt_job13997004.csv
small,1000,1000,1000000,1,4,2,4,8,125000,,43.41,,completed,runs/size_grid/size_grid_ex2_arch-omp-opt_job13996330.csv
small,1000,1000,1000000,1,2,4,2,8,125000,,71.75,,completed,runs/size_grid/size_grid_ex2_arch-omp-opt_job13997004.csv
small,1000,1000,1000000,1,2,4,2,8,125000,,76.11,,completed,runs/size_grid/size_grid_ex2_arch-omp-opt_job13996330.csv
small,1000,1000,1000000,1,1,8,1,8,125000,,225.5,,completed,runs/size_grid/size_grid_ex2_arch-omp-opt_job13996330.csv
small,1000,1000,1000000,1,1,8,1,8,125000,,226.4,,completed,runs/size_grid/size_grid_ex2_arch-omp-opt_job13997004.csv
small,1000,1000,1000000,1,16,1,16,16,62500,,85.25,,completed,runs/size_grid/size_grid_ex2_arch-omp-opt_job13996330.csv
small,1000,1000,1000000,1,16,1,16,16,62500,,85.69,,completed,runs/size_grid/size_grid_ex2_arch-omp-opt_job13997004.csv
small,1000,1000,1000000,1,8,2,8,16,62500,,28.07,,completed,runs/size_grid/size_grid_ex2_arch-omp-opt_job13997004.csv
small,1000,1000,1000000,1,8,2,8,16,62500,,43.21,,completed,runs/size_grid/size_grid_ex2_arch-omp-opt_job13996330.csv
small,1000,1000,1000000,1,4,4,4,16,62500,,27.1,,completed,runs/size_grid/size_grid_ex2_arch-omp-opt_job13997004.csv
small,1000,1000,1000000,1,4,4,4,16,62500,,34.02,,completed,runs/size_grid/size_grid_ex2_arch-omp-opt_job13996330.csv
small,1000,1000,1000000,1,2,8,2,16,62500,,70.22,,completed,runs/size_grid/size_grid_ex2_arch-omp-opt_job13997004.csv
small,1000,1000,1000000,1,2,8,2,16,62500,,70.38,,completed,runs/size_grid/size_grid_ex2_arch-omp-opt_job13996330.csv
small,1000,1000,1000000,1,1,16,1,16,62500,,215.4,,completed,runs/size_grid/size_grid_ex2_arch-omp-opt_job13996330.csv
small,1000,1000,1000000,1,32,1,32,32,31250,,29.8,,completed,runs/size_grid/size_grid_ex2_arch-omp-opt_job13996330.csv
small,1000,1000,1000000,1,32,1,32,32,31250,,29.8,,completed,runs/size_grid/size_grid_ex2_arch-omp-opt_job13997004.csv
small,1000,1000,1000000,1,16,2,16,32,31250,,38.59,,completed,runs/size_grid/size_grid_ex2_arch-omp-opt_job13996330.csv
small,1000,1000,1000000,1,16,2,16,32,31250,,38.7,,completed,runs/size_grid/size_grid_ex2_arch-omp-opt_job13997004.csv
small,1000,1000,1000000,1,8,4,8,32,31250,,23.02,,completed,runs/size_grid/size_grid_ex2_arch-omp-opt_job13996330.csv
small,1000,1000,1000000,1,8,4,8,32,31250,,23.3,,completed,runs/size_grid/size_grid_ex2_arch-omp-opt_job13997004.csv
small,1000,1000,1000000,1,4,8,4,32,31250,,25.73,,completed,runs/size_grid/size_grid_ex2_arch-omp-opt_job13997004.csv
small,1000,1000,1000000,1,4,8,4,32,31250,,26.06,,completed,runs/size_grid/size_grid_ex2_arch-omp-opt_job13996330.csv
small,1000,1000,1000000,1,2,16,2,32,31250,,58.24,,completed,runs/size_grid/size_grid_ex2_arch-omp-opt_job13996330.csv
small,1000,1000,1000000,1,1,32,1,32,31250,,216.5,,completed,runs/size_grid/size_grid_ex2_arch-omp-opt_job13996330.csv
small,1000,1000,1000000,1,64,1,64,64,15625,,8.107,,completed,runs/size_grid/size_grid_ex2_arch-omp-opt_job13996330.csv
small,1000,1000,1000000,1,64,1,64,64,15625,,8.169,,completed,runs/size_grid/size_grid_ex2_arch-omp-opt_job13997004.csv
small,1000,1000,1000000,1,32,2,32,64,15625,,9.208,,completed,runs/size_grid/size_grid_ex2_arch-omp-opt_job13996330.csv
small,1000,1000,1000000,1,32,2,32,64,15625,,9.312,,completed,runs/size_grid/size_grid_ex2_arch-omp-opt_job13997004.csv
small,1000,1000,1000000,1,16,4,16,64,15625,,16.92,,completed,runs/size_grid/size_grid_ex2_arch-omp-opt_job13996330.csv
small,1000,1000,1000000,1,16,4,16,64,15625,,17.53,,completed,runs/size_grid/size_grid_ex2_arch-omp-opt_job13997004.csv
small,1000,1000,1000000,1,8,8,8,64,15625,,16.15,,completed,runs/size_grid/size_grid_ex2_arch-omp-opt_job13996330.csv
small,1000,1000,1000000,1,8,8,8,64,15625,,16.55,,completed,runs/size_grid/size_grid_ex2_arch-omp-opt_job13997004.csv
small,1000,1000,1000000,1,4,16,4,64,15625,,20.76,,completed,runs/size_grid/size_grid_ex2_arch-omp-opt_job13996330.csv
small,1000,1000,1000000,1,2,32,2,64,15625,,54.11,,completed,runs/size_grid/size_grid_ex2_arch-omp-opt_job13996330.csv
small,1000,1000,1000000,1,1,64,1,64,15625,,195.6,,completed,runs/size_grid/size_grid_ex2_arch-omp-opt_job13996330.csv
small,1000,1000,1000000,1,128,1,128,128,7812.5,,3.844,,completed,runs/size_grid/size_grid_ex2_arch-omp-opt_job13997004.csv
small,1000,1000,1000000,1,128,1,128,128,7812.5,,3.866,,completed,runs/size_grid/size_grid_ex2_arch-omp-opt_job13996330.csv
small,1000,1000,1000000,1,64,2,64,128,7812.5,,4.369,,completed,runs/size_grid/size_grid_ex2_arch-omp-opt_job13996330.csv
small,1000,1000,1000000,1,64,2,64,128,7812.5,,4.375,,completed,runs/size_grid/size_grid_ex2_arch-omp-opt_job13997004.csv
small,1000,1000,1000000,1,32,4,32,128,7812.5,,6.394,,completed,runs/size_grid/size_grid_ex2_arch-omp-opt_job13996330.csv
small,1000,1000,1000000,1,32,4,32,128,7812.5,,6.402,,completed,runs/size_grid/size_grid_ex2_arch-omp-opt_job13997004.csv
small,1000,1000,1000000,1,16,8,16,128,7812.5,,15.44,,completed,runs/size_grid/size_grid_ex2_arch-omp-opt_job13996330.csv
small,1000,1000,1000000,1,16,8,16,128,7812.5,,15.48,,completed,runs/size_grid/size_grid_ex2_arch-omp-opt_job13997004.csv
small,1000,1000,1000000,1,8,16,8,128,7812.5,,14.99,,completed,runs/size_grid/size_grid_ex2_arch-omp-opt_job13996330.csv
small,1000,1000,1000000,1,4,32,4,128,7812.5,,20.45,,completed,runs/size_grid/size_grid_ex2_arch-omp-opt_job13996330.csv
small,1000,1000,1000000,1,2,64,2,128,7812.5,,53.57,,completed,runs/size_grid/size_grid_ex2_arch-omp-opt_job13996330.csv
small,1000,1000,1000000,1,1,128,1,128,7812.5,,208.4,,completed,runs/size_grid/size_grid_ex2_arch-omp-opt_job13996330.csv
medium-small,2240,2240,5017600,1,1,1,1,1,5.0176e+06,,1874,,completed,runs/size_grid/size_grid_ex2_arch-omp-opt_job13997039.csv
medium-small,2240,2240,5017600,1,2,1,2,2,2.5088e+06,,1136,,completed,runs/size_grid/size_grid_ex2_arch-omp-opt_job13997039.csv
medium-small,2240,2240,5017600,1,1,2,1,2,2.5088e+06,,1742,,completed,runs/size_grid/size_grid_ex2_arch-omp-opt_job13997039.csv
medium-small,2240,2240,5017600,1,4,1,4,4,1.2544e+06,,1052,,completed,runs/size_grid/size_grid_ex2_arch-omp-opt_job13997039.csv
medium-small,2240,2240,5017600,1,2,2,2,4,1.2544e+06,,1135,,completed,runs/size_grid/size_grid_ex2_arch-omp-opt_job13997039.csv
medium-small,2240,2240,5017600,1,1,4,1,4,1.2544e+06,,1747,,completed,runs/size_grid/size_grid_ex2_arch-omp-opt_job13997039.csv
medium-small,2240,2240,5017600,1,8,1,8,8,627200,,1067,,completed,runs/size_grid/size_grid_ex2_arch-omp-opt_job13997039.csv
medium-small,2240,2240,5017600,1,4,2,4,8,627200,,1053,,completed,runs/size_grid/size_grid_ex2_arch-omp-opt_job13997039.csv
medium-small,2240,2240,5017600,1,2,4,2,8,627200,,1148,,completed,runs/size_grid/size_grid_ex2_arch-omp-opt_job13997039.csv
medium-small,2240,2240,5017600,1,1,8,1,8,627200,,1767,,completed,runs/size_grid/size_grid_ex2_arch-omp-opt_job13997039.csv
medium-small,2240,2240,5017600,1,16,1,16,16,313600,,810.1,,completed,runs/size_grid/size_grid_ex2_arch-omp-opt_job13997039.csv
medium-small,2240,2240,5017600,1,8,2,8,16,313600,,817.3,,completed,runs/size_grid/size_grid_ex2_arch-omp-opt_job13997039.csv
medium-small,2240,2240,5017600,1,4,4,4,16,313600,,828.8,,completed,runs/size_grid/size_grid_ex2_arch-omp-opt_job13997039.csv
medium-small,2240,2240,5017600,1,2,8,2,16,313600,,1084,,completed,runs/size_grid/size_grid_ex2_arch-omp-opt_job13997039.csv
medium-small,2240,2240,5017600,1,32,1,32,32,156800,,330.3,,completed,runs/size_grid/size_grid_ex2_arch-omp-opt_job13997039.csv
medium-small,2240,2240,5017600,1,16,2,16,32,156800,,332.4,,completed,runs/size_grid/size_grid_ex2_arch-omp-opt_job13997039.csv
medium-small,2240,2240,5017600,1,8,4,8,32,156800,,365.3,,completed,runs/size_grid/size_grid_ex2_arch-omp-opt_job13997039.csv
medium-small,2240,2240,5017600,1,4,8,4,32,156800,,531.9,,completed,runs/size_grid/size_grid_ex2_arch-omp-opt_job13997039.csv
medium-small,2240,2240,5017600,1,64,1,64,64,78400,,135.3,,completed,runs/size_grid/size_grid_ex2_arch-omp-opt_job13997039.csv
medium-small,2240,2240,5017600,1,32,2,32,64,78400,,135.4,,completed,runs/size_grid/size_grid_ex2_arch-omp-opt_job13997039.csv
medium-small,2240,2240,5017600,1,16,4,16,64,78400,,156.3,,completed,runs/size_grid/size_grid_ex2_arch-omp-opt_job13997039.csv
medium-small,2240,2240,5017600,1,8,8,8,64,78400,,242.7,,completed,runs/size_grid/size_grid_ex2_arch-omp-opt_job13997039.csv
medium-small,2240,2240,5017600,1,128,1,128,128,39200,,64.02,,completed,runs/size_grid/size_grid_ex2_arch-omp-opt_job13997039.csv
medium-small,2240,2240,5017600,1,64,2,64,128,39200,,64.76,,completed,runs/size_grid/size_grid_ex2_arch-omp-opt_job13997039.csv
medium-small,2240,2240,5017600,1,32,4,32,128,39200,,76.01,,completed,runs/size_grid/size_grid_ex2_arch-omp-opt_job13997039.csv
medium-small,2240,2240,5017600,1,16,8,16,128,39200,,118.9,,completed,runs/size_grid/size_grid_ex2_arch-omp-opt_job13997039.csv
medium,3160,3160,9985600,1,1,1,1,1,9.9856e+06,,3690,,completed,runs/size_grid/size_grid_ex2_arch-omp-opt_job13997044.csv
medium,3160,3160,9985600,1,1,1,1,1,9.9856e+06,,3729,,completed,runs/size_grid/size_grid_ex2_arch-omp-opt_job14009503.csv
medium,3160,3160,9985600,1,2,1,2,2,4.9928e+06,,2221,,completed,runs/size_grid/size_grid_ex2_arch-omp-opt_job14009503.csv
medium,3160,3160,9985600,1,2,1,2,2,4.9928e+06,,2253,,completed,runs/size_grid/size_grid_ex2_arch-omp-opt_job13997044.csv
medium,3160,3160,9985600,1,1,2,1,2,4.9928e+06,,3461,,completed,runs/size_grid/size_grid_ex2_arch-omp-opt_job14009503.csv
medium,3160,3160,9985600,1,1,2,1,2,4.9928e+06,,3463,,completed,runs/size_grid/size_grid_ex2_arch-omp-opt_job13997044.csv
medium,3160,3160,9985600,1,4,1,4,4,2.4964e+06,,2064,,completed,runs/size_grid/size_grid_ex2_arch-omp-opt_job14009503.csv
medium,3160,3160,9985600,1,2,2,2,4,2.4964e+06,,2235,,completed,runs/size_grid/size_grid_ex2_arch-omp-opt_job14009503.csv
medium,3160,3160,9985600,1,2,2,2,4,2.4964e+06,,2252,,completed,runs/size_grid/size_grid_ex2_arch-omp-opt_job13997044.csv
medium,3160,3160,9985600,1,1,4,1,4,2.4964e+06,,3473,,completed,runs/size_grid/size_grid_ex2_arch-omp-opt_job14009503.csv
medium,3160,3160,9985600,1,1,4,1,4,2.4964e+06,,3481,,completed,runs/size_grid/size_grid_ex2_arch-omp-opt_job13997044.csv
medium,3160,3160,9985600,1,8,1,8,8,1.2482e+06,,2145,,completed,runs/size_grid/size_grid_ex2_arch-omp-opt_job14009503.csv
medium,3160,3160,9985600,1,4,2,4,8,1.2482e+06,,2068,,completed,runs/size_grid/size_grid_ex2_arch-omp-opt_job14009503.csv
medium,3160,3160,9985600,1,2,4,2,8,1.2482e+06,,2273,,completed,runs/size_grid/size_grid_ex2_arch-omp-opt_job13997044.csv
medium,3160,3160,9985600,1,2,4,2,8,1.2482e+06,,2277,,completed,runs/size_grid/size_grid_ex2_arch-omp-opt_job14009503.csv
medium,3160,3160,9985600,1,1,8,1,8,1.2482e+06,,3410,,completed,runs/size_grid/size_grid_ex2_arch-omp-opt_job14009503.csv
medium,3160,3160,9985600,1,1,8,1,8,1.2482e+06,,3522,,completed,runs/size_grid/size_grid_ex2_arch-omp-opt_job13997044.csv
medium,3160,3160,9985600,1,16,1,16,16,624100,,1838,,completed,runs/size_grid/size_grid_ex2_arch-omp-opt_job14009503.csv
medium,3160,3160,9985600,1,8,2,8,16,624100,,1797,,completed,runs/size_grid/size_grid_ex2_arch-omp-opt_job14009503.csv
medium,3160,3160,9985600,1,4,4,4,16,624100,,1763,,completed,runs/size_grid/size_grid_ex2_arch-omp-opt_job14009503.csv
medium,3160,3160,9985600,1,2,8,2,16,624100,,2155,,completed,runs/size_grid/size_grid_ex2_arch-omp-opt_job14009503.csv
medium,3160,3160,9985600,1,32,1,32,32,312050,,804,,completed,runs/size_grid/size_grid_ex2_arch-omp-opt_job14009503.csv
medium,3160,3160,9985600,1,16,2,16,32,312050,,809.7,,completed,runs/size_grid/size_grid_ex2_arch-omp-opt_job14009503.csv
medium,3160,3160,9985600,1,8,4,8,32,312050,,824.1,,completed,runs/size_grid/size_grid_ex2_arch-omp-opt_job14009503.csv
medium,3160,3160,9985600,1,4,8,4,32,312050,,1090,,completed,runs/size_grid/size_grid_ex2_arch-omp-opt_job14009503.csv
medium,3160,3160,9985600,1,64,1,64,64,156025,,329.7,,completed,runs/size_grid/size_grid_ex2_arch-omp-opt_job14009503.csv
medium,3160,3160,9985600,1,32,2,32,64,156025,,331.9,,completed,runs/size_grid/size_grid_ex2_arch-omp-opt_job14009503.csv
medium,3160,3160,9985600,1,16,4,16,64,156025,,366.2,,completed,runs/size_grid/size_grid_ex2_arch-omp-opt_job14009503.csv
medium,3160,3160,9985600,1,8,8,8,64,156025,,530.8,,completed,runs/size_grid/size_grid_ex2_arch-omp-opt_job14009503.csv
medium,3160,3160,9985600,1,128,1,128,128,78012.5,,136.5,,completed,runs/size_grid/size_grid_ex2_arch-omp-opt_job14009503.csv
medium,3160,3160,9985600,1,64,2,64,128,78012.5,,136.7,,completed,runs/size_grid/size_grid_ex2_arch-omp-opt_job14009503.csv
medium,3160,3160,9985600,1,32,4,32,128,78012.5,,157.4,,completed,runs/size_grid/size_grid_ex2_arch-omp-opt_job14009503.csv
medium,3160,3160,9985600,1,16,8,16,128,78012.5,,243.1,,completed,runs/size_grid/size_grid_ex2_arch-omp-opt_job14009503.csv
large,4500,4500,20250000,1,1,1,1,1,2.025e+07,,7537,,completed,runs/size_grid/size_grid_ex2_arch-omp-opt_job13998779.csv
large,4500,4500,20250000,1,1,1,1,1,2.025e+07,,7555,,completed,runs/size_grid/size_grid_ex2_arch-omp-opt_job14009678.csv
large,4500,4500,20250000,1,2,1,2,2,1.0125e+07,,4516,,completed,runs/size_grid/size_grid_ex2_arch-omp-opt_job13998779.csv
large,4500,4500,20250000,1,2,1,2,2,1.0125e+07,,4525,,completed,runs/size_grid/size_grid_ex2_arch-omp-opt_job14009678.csv
large,4500,4500,20250000,1,1,2,1,2,1.0125e+07,,7018,,completed,runs/size_grid/size_grid_ex2_arch-omp-opt_job13998779.csv
large,4500,4500,20250000,1,1,2,1,2,1.0125e+07,,7044,,completed,runs/size_grid/size_grid_ex2_arch-omp-opt_job14009678.csv
large,4500,4500,20250000,1,4,1,4,4,5.0625e+06,,4191,,completed,runs/size_grid/size_grid_ex2_arch-omp-opt_job13998779.csv
large,4500,4500,20250000,1,4,1,4,4,5.0625e+06,,4192,,completed,runs/size_grid/size_grid_ex2_arch-omp-opt_job14009678.csv
large,4500,4500,20250000,1,2,2,2,4,5.0625e+06,,4569,,completed,runs/size_grid/size_grid_ex2_arch-omp-opt_job14009678.csv
large,4500,4500,20250000,1,2,2,2,4,5.0625e+06,,4570,,completed,runs/size_grid/size_grid_ex2_arch-omp-opt_job13998779.csv
large,4500,4500,20250000,1,1,4,1,4,5.0625e+06,,7074,,completed,runs/size_grid/size_grid_ex2_arch-omp-opt_job14009678.csv
large,4500,4500,20250000,1,1,4,1,4,5.0625e+06,,7102,,completed,runs/size_grid/size_grid_ex2_arch-omp-opt_job13998779.csv
large,4500,4500,20250000,1,8,1,8,8,2.53125e+06,,4288,,completed,runs/size_grid/size_grid_ex2_arch-omp-opt_job13998779.csv
large,4500,4500,20250000,1,8,1,8,8,2.53125e+06,,4290,,completed,runs/size_grid/size_grid_ex2_arch-omp-opt_job14009678.csv
large,4500,4500,20250000,1,4,2,4,8,2.53125e+06,,3550,,completed,runs/size_grid/size_grid_ex2_arch-omp-opt_job13998779.csv
large,4500,4500,20250000,1,4,2,4,8,2.53125e+06,,4202,,completed,runs/size_grid/size_grid_ex2_arch-omp-opt_job14009678.csv
large,4500,4500,20250000,1,2,4,2,8,2.53125e+06,,4324,,completed,runs/size_grid/size_grid_ex2_arch-omp-opt_job14009678.csv
large,4500,4500,20250000,1,2,4,2,8,2.53125e+06,,4625,,completed,runs/size_grid/size_grid_ex2_arch-omp-opt_job13998779.csv
large,4500,4500,20250000,1,1,8,1,8,2.53125e+06,,7144,,completed,runs/size_grid/size_grid_ex2_arch-omp-opt_job14009678.csv
large,4500,4500,20250000,1,1,8,1,8,2.53125e+06,,7154,,completed,runs/size_grid/size_grid_ex2_arch-omp-opt_job13998779.csv
large,4500,4500,20250000,1,16,1,16,16,1.26562e+06,,3767,,completed,runs/size_grid/size_grid_ex2_arch-omp-opt_job13998779.csv
large,4500,4500,20250000,1,16,1,16,16,1.26562e+06,,3768,,completed,runs/size_grid/size_grid_ex2_arch-omp-opt_job14009678.csv
large,4500,4500,20250000,1,8,2,8,16,1.26562e+06,,3623,,completed,runs/size_grid/size_grid_ex2_arch-omp-opt_job14009678.csv
large,4500,4500,20250000,1,8,2,8,16,1.26562e+06,,3625,,completed,runs/size_grid/size_grid_ex2_arch-omp-opt_job13998779.csv
large,4500,4500,20250000,1,4,4,4,16,1.26562e+06,,2307,,completed,runs/size_grid/size_grid_ex2_arch-omp-opt_job13998779.csv
large,4500,4500,20250000,1,4,4,4,16,1.26562e+06,,2319,,completed,runs/size_grid/size_grid_ex2_arch-omp-opt_job14009678.csv
large,4500,4500,20250000,1,2,8,2,16,1.26562e+06,,4384,,completed,runs/size_grid/size_grid_ex2_arch-omp-opt_job14009678.csv
large,4500,4500,20250000,1,2,8,2,16,1.26562e+06,,4396,,completed,runs/size_grid/size_grid_ex2_arch-omp-opt_job13998779.csv
large,4500,4500,20250000,1,32,1,32,32,632812,,1868,,completed,runs/size_grid/size_grid_ex2_arch-omp-opt_job14009678.csv
large,4500,4500,20250000,1,32,1,32,32,632812,,1869,,completed,runs/size_grid/size_grid_ex2_arch-omp-opt_job13998779.csv
large,4500,4500,20250000,1,16,2,16,32,632812,,1826,,completed,runs/size_grid/size_grid_ex2_arch-omp-opt_job13998779.csv
large,4500,4500,20250000,1,16,2,16,32,632812,,1827,,completed,runs/size_grid/size_grid_ex2_arch-omp-opt_job14009678.csv
large,4500,4500,20250000,1,8,4,8,32,632812,,1793,,completed,runs/size_grid/size_grid_ex2_arch-omp-opt_job13998779.csv
large,4500,4500,20250000,1,8,4,8,32,632812,,1794,,completed,runs/size_grid/size_grid_ex2_arch-omp-opt_job14009678.csv
large,4500,4500,20250000,1,4,8,4,32,632812,,2209,,completed,runs/size_grid/size_grid_ex2_arch-omp-opt_job14009678.csv
large,4500,4500,20250000,1,4,8,4,32,632812,,2220,,completed,runs/size_grid/size_grid_ex2_arch-omp-opt_job13998779.csv
large,4500,4500,20250000,1,64,1,64,64,316406,,825.7,,completed,runs/size_grid/size_grid_ex2_arch-omp-opt_job13998779.csv
large,4500,4500,20250000,1,64,1,64,64,316406,,826.7,,completed,runs/size_grid/size_grid_ex2_arch-omp-opt_job14009678.csv
large,4500,4500,20250000,1,32,2,32,64,316406,,829.9,,completed,runs/size_grid/size_grid_ex2_arch-omp-opt_job13998779.csv
large,4500,4500,20250000,1,32,2,32,64,316406,,831.1,,completed,runs/size_grid/size_grid_ex2_arch-omp-opt_job14009678.csv
large,4500,4500,20250000,1,16,4,16,64,316406,,846,,completed,runs/size_grid/size_grid_ex2_arch-omp-opt_job13998779.csv
large,4500,4500,20250000,1,16,4,16,64,316406,,848.1,,completed,runs/size_grid/size_grid_ex2_arch-omp-opt_job14009678.csv
large,4500,4500,20250000,1,8,8,8,64,316406,,1115,,completed,runs/size_grid/size_grid_ex2_arch-omp-opt_job14009678.csv
large,4500,4500,20250000,1,8,8,8,64,316406,,1117,,completed,runs/size_grid/size_grid_ex2_arch-omp-opt_job13998779.csv
large,4500,4500,20250000,1,128,1,128,128,158203,,340.1,,completed,runs/size_grid/size_grid_ex2_arch-omp-opt_job13998779.csv
large,4500,4500,20250000,1,128,1,128,128,158203,,340.8,,completed,runs/size_grid/size_grid_ex2_arch-omp-opt_job14009678.csv
large,4500,4500,20250000,1,64,2,64,128,158203,,341.6,,completed,runs/size_grid/size_grid_ex2_arch-omp-opt_job13998779.csv
large,4500,4500,20250000,1,64,2,64,128,158203,,342.1,,completed,runs/size_grid/size_grid_ex2_arch-omp-opt_job14009678.csv
large,4500,4500,20250000,1,32,4,32,128,158203,,376,,completed,runs/size_grid/size_grid_ex2_arch-omp-opt_job13998779.csv
large,4500,4500,20250000,1,32,4,32,128,158203,,376.6,,completed,runs/size_grid/size_grid_ex2_arch-omp-opt_job14009678.csv
large,4500,4500,20250000,1,16,8,16,128,158203,,547,,completed,runs/size_grid/size_grid_ex2_arch-omp-opt_job13998779.csv
large,4500,4500,20250000,1,16,8,16,128,158203,,547.2,,completed,runs/size_grid/size_grid_ex2_arch-omp-opt_job14009678.csv
very-large,6400,6400,40960000,1,1,1,1,1,4.096e+07,,15410,,completed,runs/size_grid/size_grid_ex2_arch-omp-opt_job14009694.csv
very-large,6400,6400,40960000,1,1,1,1,1,4.096e+07,,15420,,completed,runs/size_grid/size_grid_ex2_arch-omp-opt_job13998765.csv
very-large,6400,6400,40960000,1,2,1,2,2,2.048e+07,,9131,,completed,runs/size_grid/size_grid_ex2_arch-omp-opt_job14009694.csv
very-large,6400,6400,40960000,1,2,1,2,2,2.048e+07,,9147,,completed,runs/size_grid/size_grid_ex2_arch-omp-opt_job13998765.csv
very-large,6400,6400,40960000,1,1,2,1,2,2.048e+07,,14150,,completed,runs/size_grid/size_grid_ex2_arch-omp-opt_job14009694.csv
very-large,6400,6400,40960000,1,1,2,1,2,2.048e+07,,14190,,completed,runs/size_grid/size_grid_ex2_arch-omp-opt_job13998765.csv
very-large,6400,6400,40960000,1,4,1,4,4,1.024e+07,,8464,,completed,runs/size_grid/size_grid_ex2_arch-omp-opt_job14009694.csv
very-large,6400,6400,40960000,1,2,2,2,4,1.024e+07,,9219,,completed,runs/size_grid/size_grid_ex2_arch-omp-opt_job14009694.csv
very-large,6400,6400,40960000,1,2,2,2,4,1.024e+07,,9272,,completed,runs/size_grid/size_grid_ex2_arch-omp-opt_job13998765.csv
very-large,6400,6400,40960000,1,1,4,1,4,1.024e+07,,14250,,completed,runs/size_grid/size_grid_ex2_arch-omp-opt_job14009694.csv
very-large,6400,6400,40960000,1,1,4,1,4,1.024e+07,,14280,,completed,runs/size_grid/size_grid_ex2_arch-omp-opt_job13998765.csv
very-large,6400,6400,40960000,1,8,1,8,8,5.12e+06,,8702,,completed,runs/size_grid/size_grid_ex2_arch-omp-opt_job14009694.csv
very-large,6400,6400,40960000,1,4,2,4,8,5.12e+06,,8503,,completed,runs/size_grid/size_grid_ex2_arch-omp-opt_job14009694.csv
very-large,6400,6400,40960000,1,2,4,2,8,5.12e+06,,9344,,completed,runs/size_grid/size_grid_ex2_arch-omp-opt_job14009694.csv
very-large,6400,6400,40960000,1,2,4,2,8,5.12e+06,,9376,,completed,runs/size_grid/size_grid_ex2_arch-omp-opt_job13998765.csv
very-large,6400,6400,40960000,1,1,8,1,8,5.12e+06,,13840,,completed,runs/size_grid/size_grid_ex2_arch-omp-opt_job14009694.csv
very-large,6400,6400,40960000,1,1,8,1,8,5.12e+06,,14410,,completed,runs/size_grid/size_grid_ex2_arch-omp-opt_job13998765.csv
very-large,6400,6400,40960000,1,16,1,16,16,2.56e+06,,7558,,completed,runs/size_grid/size_grid_ex2_arch-omp-opt_job14009694.csv
very-large,6400,6400,40960000,1,8,2,8,16,2.56e+06,,7375,,completed,runs/size_grid/size_grid_ex2_arch-omp-opt_job14009694.csv
very-large,6400,6400,40960000,1,4,4,4,16,2.56e+06,,7311,,completed,runs/size_grid/size_grid_ex2_arch-omp-opt_job14009694.csv
very-large,6400,6400,40960000,1,2,8,2,16,2.56e+06,,8845,,completed,runs/size_grid/size_grid_ex2_arch-omp-opt_job14009694.csv
very-large,6400,6400,40960000,1,32,1,32,32,1.28e+06,,3825,,completed,runs/size_grid/size_grid_ex2_arch-omp-opt_job14009694.csv
very-large,6400,6400,40960000,1,16,2,16,32,1.28e+06,,3685,,completed,runs/size_grid/size_grid_ex2_arch-omp-opt_job14009694.csv
very-large,6400,6400,40960000,1,8,4,8,32,1.28e+06,,3651,,completed,runs/size_grid/size_grid_ex2_arch-omp-opt_job14009694.csv
very-large,6400,6400,40960000,1,4,8,4,32,1.28e+06,,4484,,completed,runs/size_grid/size_grid_ex2_arch-omp-opt_job14009694.csv
very-large,6400,6400,40960000,1,64,1,64,64,640000,,1905,,completed,runs/size_grid/size_grid_ex2_arch-omp-opt_job14009694.csv
very-large,6400,6400,40960000,1,32,2,32,64,640000,,1859,,completed,runs/size_grid/size_grid_ex2_arch-omp-opt_job14009694.csv
very-large,6400,6400,40960000,1,16,4,16,64,640000,,1826,,completed,runs/size_grid/size_grid_ex2_arch-omp-opt_job14009694.csv
very-large,6400,6400,40960000,1,8,8,8,64,640000,,2271,,completed,runs/size_grid/size_grid_ex2_arch-omp-opt_job14009694.csv
very-large,6400,6400,40960000,1,128,1,128,128,320000,,846.9,,completed,runs/size_grid/size_grid_ex2_arch-omp-opt_job14009694.csv
very-large,6400,6400,40960000,1,64,2,64,128,320000,,850.8,,completed,runs/size_grid/size_grid_ex2_arch-omp-opt_job14009694.csv
very-large,6400,6400,40960000,1,32,4,32,128,320000,,866.4,,completed,runs/size_grid/size_grid_ex2_arch-omp-opt_job14009694.csv
very-large,6400,6400,40960000,1,16,8,16,128,320000,,1140,,completed,runs/size_grid/size_grid_ex2_arch-omp-opt_job14009694.csv
